Gene,Protein Variant
ABL1,p.A34V
AKT1,p.E17K
ALDH2,p.E504K
ALK,p.F1174C
ALK,p.F1174L
ALK,p.F1174V
ALK,p.F1174X
ALK,p.F1245I
ALK,p.F1245L
ALK,p.F1245X
ALK,p.G1128A
ALK,p.I1170N
ALK,p.I1170S
ALK,p.I1171N
ALK,p.K1062M
ALK,p.L1196M
ALK,p.M1166R
ALK,p.R1192P
ALK,p.R1275L
ALK,p.R1275Q
ALK,p.R1275X
ALK,p.T1087I
ALK,p.Y1278S
APC,p.D917Y
APC,p.I1307K
ARHGAP45,p.R139H
ARID2, p.W266*
B2M,p.M1R
BLM,p.Y736fs*4
BRAF,p.A320V
BRAF,p.G466A
BRAF,p.G466E
BRAF,p.G466R
BRAF,p.G466V
BRAF,p.G469A
BRAF,p.G469E
BRAF,p.G469R
BRAF,p.G469S
BRAF,p.G469V
BRAF,p.G469X
BRAF,p.K601E
BRAF,p.L485X
BRAF,p.L597Q
BRAF,p.L597R
BRAF,p.L597S
BRAF,p.L597V
BRAF,p.L597X
BRAF,p.T599_V600insT
BRAF,p.V504_R506dup
BRAF,p.V600A
BRAF,p.V600D
BRAF,p.V600E
BRAF,p.V600G
BRAF,p.V600K
BRAF,p.V600L
BRAF,p.V600M
BRAF,p.V600R
BRAF,p.V600X
BRCA1,p.E23Vfs*17
BRCA1,p.Q1756Pfs
BRCA2,p.S1982Rfs*22
BTK,p.C481X
CALR,p.K385fs*47
CALR,p.L367fs*46
CCND3,p.R256fs*64
CD74,p.P98S
CDC73,p.M1V
CDKN2A,p.A102V
CDKN2A,p.A147T
CDKN2A,p.A148T
CDKN2A,p.A30V
CDKN2A,p.D108H
CDKN2A,p.D108Y
CDKN2A,p.H83P
CDKN2A,p.H83Y
CDKN2A,p.L130Q
CDKN2A,p.R80X
CDKN2A,p.V51D
CDKN2A,p.V51I
CHD6,p.I1600M
CHEK2,p.I157T
CHEK2,p.S428F
CSF1R,p.H362R
CSF1R,p.N648S
CSF3R,p.G751A
CTNNB1,p.D32G
CTNNB1,p.D32N
CTNNB1,p.D32Y
CTNNB1,p.G34E
CTNNB1,p.G34R
CTNNB1,p.G34V
CTNNB1,p.S33C
CTNNB1,p.S33F
CTNNB1,p.S33P
CTNNB1,p.S37C
CTNNB1,p.S37F
CTNNB1,p.S45F
CTNNB1,p.S45P
CTNNB1,p.T41A
CTNNB1,p.T41I
DDR2,p.I638F
DDR2,p.L239R
DDR2,p.R742W
DDR2,p.S768R
DICER1,p.D1810H
DICER1,p.E1705V
DICER1,p.E1813D
DICER1,p.E1813G
DICER1,p.E1813K
DICER1,p.W1831*
DICER1,p.W1831X
DICER1,p.Y1225X
DNMT3A,p.P904L
DPYD,p.D949V
DPYD,p.I543V
DPYD,p.I560S
DPYD,p.Y186C
EGFR,p.A289D
EGFR,p.A289T
EGFR,p.A289V
EGFR,p.A750_E758del
EGFR,p.A750_K754del
EGFR,p.A750_K757del
EGFR,p.A763_Y764insFQEA
EGFR,p.A767_S768insTLA
EGFR,p.A859S
EGFR,p.A864V
EGFR,p.A871E
EGFR,p.C797A
EGFR,p.C797S
EGFR,p.C797X
EGFR,p.D761_E762insEAFQ
EGFR,p.D761Y
EGFR,p.D770_N771insAPW
EGFR,p.D770_N771insD
EGFR,p.D770_N771insDG
EGFR,p.D770_N771insG
EGFR,p.D770_N771insGD
EGFR,p.D770_N771insGL
EGFR,p.D770_N771insGT
EGFR,p.D770_N771insGV
EGFR,p.D770_N771insMATP
EGFR,p.D770_N771insN
EGFR,p.D770_N771insNPH
EGFR,p.D770_N771insSVD
EGFR,p.D770_N771insSVP
EGFR,p.D770_N771insSVQ
EGFR,p.D770fs*61
EGFR,p.E709*
EGFR,p.E709K
EGFR,p.E746_A750del
EGFR,p.E746_E749del
EGFR,p.E746_P753del
EGFR,p.E746_R748del
EGFR,p.E746_S752del
EGFR,p.E746_T751del
EGFR,p.E746del
EGFR,p.G598V
EGFR,p.G719A
EGFR,p.G719C
EGFR,p.G719D
EGFR,p.G719fs*29
EGFR,p.G719S
EGFR,p.G719V
EGFR,p.G719X
EGFR,p.G796R
EGFR,p.G796S
EGFR,p.G796X
EGFR,p.H773_V774insAH
EGFR,p.H773_V774insG
EGFR,p.H773_V774insGH
EGFR,p.H773_V774insGNPH
EGFR,p.H773_V774insH
EGFR,p.H773_V774insNPH
EGFR,p.H773_V774insPH
EGFR,p.H773L
EGFR,p.H773R
EGFR,p.H835L
EGFR,p.H870R
EGFR,p.I740_P741insPVAIKI
EGFR,p.I744_K745insKIPVAI
EGFR,p.I789_L792del
EGFR,p.K29_N298insG
EGFR,p.K745_A750del
EGFR,p.K745_E746insVPVAIK
EGFR,p.K745_E749del
EGFR,p.K745_L747del
EGFR,p.K860I
EGFR,p.L718Q
EGFR,p.L718V
EGFR,p.L718X
EGFR,p.L747_A750del
EGFR,p.L747_A755del
EGFR,p.L747_E749del
EGFR,p.L747_K754del
EGFR,p.L747_P753del
EGFR,p.L747_P753delinsS
EGFR,p.L747_S752del
EGFR,p.L747_T751del
EGFR,p.L747del
EGFR,p.L747S
EGFR,p.L792F
EGFR,p.L792H
EGFR,p.L792X
EGFR,p.L792Y
EGFR,p.L833F
EGFR,p.L833V
EGFR,p.L858A
EGFR,p.L858G
EGFR,p.L858K
EGFR,p.L858M
EGFR,p.L858P
EGFR,p.L858Q
EGFR,p.L858R
EGFR,p.L858W
EGFR,p.L861F
EGFR,p.L861P
EGFR,p.L861Q
EGFR,p.L861R
EGFR,p.L861V
EGFR,p.L861X
EGFR,p.M766_A767insAI
EGFR,p.M766_A767insASV
EGFR,p.N756_L760del
EGFR,p.N771_P772insH
EGFR,p.N771_P772insN
EGFR,p.P596L
EGFR,p.P753_I759del
EGFR,p.P772_H773insDHP
EGFR,p.P772_H773insDNP
EGFR,p.P772_H773insNP
EGFR,p.P772_H773insNPH
EGFR,p.P772_H773insPR
EGFR,p.P772_H773insQV
EGFR,p.P772_H773insTHP
EGFR,p.P772_H773insYNP
EGFR,p.P772_V774insPHV
EGFR,p.R108K
EGFR,p.R222C
EGFR,p.R748_P753del
EGFR,p.R748_S752del
EGFR,p.R831C
EGFR,p.R831H
EGFR,p.S492R
EGFR,p.S752_I759del
EGFR,p.S752_V769del
EGFR,p.S768_V769insAWT
EGFR,p.S768_V769insVAS
EGFR,p.S768I
EGFR,p.S768X
EGFR,p.T263P
EGFR,p.T751_E758del
EGFR,p.T790M
EGFR,p.T854A
EGFR,p.V742I
EGFR,p.V765_M766insMAS
EGFR,p.V769_D770insASV
EGFR,p.V769_D770insCV
EGFR,p.V769_D770insDNV
EGFR,p.V769_D770insGSV
EGFR,p.V769_D770insGV
EGFR,p.V769_D770insGVV
EGFR,p.V769_D770insMASVD
EGFR,p.V769L
EGFR,p.V769M
EGFR,p.V774_C775insHV
EGFR,p.V774del
EGFR,p.V774M
EGFR,p.V834del
EGFR,p.V834L
EGFR,p.V843I
EGFR,p.Y764_V765insHH
ERBB2,p.C805S
ERBB2,p.D769H
ERBB2,p.D769N
ERBB2,p.D769Y
ERBB2,p.E321G
ERBB2,p.E693K
ERBB2,p.G309A
ERBB2,p.G309E
ERBB2,p.G660D
ERBB2,p.G776C
ERBB2,p.G776delinsVC
ERBB2,p.G776V
ERBB2,p.G778_P780dup
ERBB2,p.H878Y
ERBB2,p.I655V
ERBB2,p.I767M
ERBB2,p.L755_T759del
ERBB2,p.L755P
ERBB2,p.L755S
ERBB2,p.L755X
ERBB2,p.L786V
ERBB2,p.L841V
ERBB2,p.L866M
ERBB2,p.L869R
ERBB2,p.Q709L
ERBB2,p.R678Q
ERBB2,p.R896C
ERBB2,p.S310F
ERBB2,p.S310Y
ERBB2,p.S653C
ERBB2,p.T733I
ERBB2,p.T862A
ERBB2,p.T862I
ERBB2,p.V659E
ERBB2,p.V697L
ERBB2,p.V773M
ERBB2,p.V777L
ERBB2,p.V777M
ERBB2,p.V842I
ERBB2,p.Y772_A775dup
ERCC2,p.F332V
EZH2,p.Y646C
EZH2,p.Y646D
EZH2,p.Y646F
EZH2,p.Y646H
EZH2,p.Y646N
EZH2,p.Y646S
EZH2,p.Y646X
FBXW7,p.R465H
FGFR1,p.K656E
FGFR2,p.C382R
FGFR2,p.K659E
FGFR2,p.N549H
FGFR2,p.N549K
FGFR2,p.P253R
FGFR2,p.S252W
FGFR2,p.S372C
FGFR2,p.V679F
FGFR2,p.Y375C
FGFR3,p.G370C
FGFR3,p.G380R
FGFR3,p.K650E
FGFR3,p.R248C
FGFR3,p.S249C
FGFR3,p.S371C
FGFR3,p.Y373C
FGFR4,p.G388R
FLT3,p.A690V
FLT3,p.D835X
FLT3,p.D839E
FLT3,p.D839G
FLT3,p.F594C
FLT3,p.F594Y
FLT3,p.F691L
FLT3,p.I836X
FLT3,p.L576R
FLT3,p.M664I
FLT3,p.N676K
FLT3,p.N676S
FLT3,p.N841X
FLT3,p.V592A
FLT3,p.V592G
FLT3,p.Y589D
FLT3,p.Y599C
FLT3,p.Y842C
FLT3,p.Y842X
FOXL2,p.C134W
GNAS,p.Q125R
GNAS,p.Q227E
GNAS,p.Q227L
GNAS,p.Q227P
GNAS,p.Q227R
GNAS,p.R160C
GNAS,p.R201C
GNAS,p.R201H
GNAS,p.R201S
H3.3,p.G35L
H3.3,p.G35R
H3.3,p.G35V
H3.3,p.G35W
HBA2,p.*143Qext*31
HBB,p.E122K
HBB,p.E122Q
HBB,p.E27K
HBB,p.E7K
HBB,p.E7V
HDAC1,p.Y303H
HDAC2,p.E455fs*7
HRAS,p.G12D
HRAS,p.G12V
HRAS,p.G12X
HSD3B1,p.T367=
HSD3B1,p.T367N
HSP90B1,p.I66T
IDH1,p.R119Q
IDH1,p.R132C
IDH1,p.R132G
IDH1,p.R132H
IDH1,p.R132L
IDH1,p.R132S
IDH1,p.R132V
IDH1,p.R132X
IDH2,p.R140G
IDH2,p.R140L
IDH2,p.R140Q
IDH2,p.R140W
IDH2,p.R140X
IDH2,p.R172G
IDH2,p.R172K
IDH2,p.R172M
IDH2,p.R172S
IDH2,p.R172W
IDH2,p.R172X
IKZF1,p.N159Y
JAK2,p.E985K
JAK2,p.G935R
JAK2,p.G996R
JAK2,p.I960V
JAK2,p.M929I
JAK2,p.R683G
JAK2,p.R938L
JAK2,p.T875N
JAK2,p.V617F
JAK2,p.V617X
JAK2,p.Y931C
JAK3,p.L857P
KIT,p.A829P
KIT,p.D816V
KIT,p.D820Y
KIT,p.G648D
KIT,p.I653T
KIT,p.K642E
KIT,p.K818Q
KIT,p.L576P
KIT,p.L647F
KIT,p.L813P
KIT,p.L831P
KIT,p.L859P
KIT,p.L862P
KIT,p.N822K
KIT,p.N822Y
KIT,p.S590I
KIT,p.S840I
KIT,p.S850G
KIT,p.V559A
KIT,p.V559D
KIT,p.V654A
KIT,p.V852I
KIT,p.W557R
KIT,p.Y846C
KLF1,p.A298P
KLF1,p.M39L
KLF4,p.K409Q
KRAS,p.A146T
KRAS,p.A146X
KRAS,p.A59X
KRAS,p.G12A
KRAS,p.G12C
KRAS,p.G12D
KRAS,p.G12E
KRAS,p.G12F
KRAS,p.G12I
KRAS,p.G12L
KRAS,p.G12N
KRAS,p.G12R
KRAS,p.G12S
KRAS,p.G12V
KRAS,p.G12W
KRAS,p.G12X
KRAS,p.G12Y
KRAS,p.G13A
KRAS,p.G13C
KRAS,p.G13D
KRAS,p.G13E
KRAS,p.G13N
KRAS,p.G13R
KRAS,p.G13S
KRAS,p.G13V
KRAS,p.G13X
KRAS,p.K117X
KRAS,p.Q61D
KRAS,p.Q61E
KRAS,p.Q61H
KRAS,p.Q61K
KRAS,p.Q61L
KRAS,p.Q61P
KRAS,p.Q61R
KRAS,p.Q61X
MAP2K2,p.P128L
MAPK1,p.E322K
MET,p.D1010N
MET,p.D1228N
MET,p.F1200I
MET,p.H1094Y
MET,p.I639L
MET,p.K324M
MET,p.L1205V
MET,p.M1250T
MET,p.Q1276L
MET,p.S1236R
MET,p.V1070E
MET,p.V1070G
MET,p.V1070M
MET,p.V1092I
MET,p.V504L
MET,p.Y1003X
MET,p.Y1230C
MET,p.Y1230H
MPL,p.W515K
MPL,p.W515L
MSH2,p.A636P
MTOR,p.F1888L
MTOR,p.G1954R
MUTYH,p.Q338H
MYCN,p.P44L
MYD88,p.L265P
MYO1G,p.V49M
MYOD1,p.L122R
NCSTN,p.A572G
NF1,p.N1465S
NF1,p.S2309Cfs*10
NOTCH1,p.G1196D
NOTCH1,p.I1718T
NOTCH1,p.Q2503*
NOTCH1,p.S1674F
NOTCH1,p.S1674P
NOTCH1,p.S2467*
NOTCH1,p.S2467Afs*15
NOTCH1,p.S2467Gfs*11
NOTCH1,p.S2467Pfs*7
NOTCH1,p.S2467Rfs*10
NOTCH1,p.S2467Rfs*13
NOTCH1,p.S2467Wfs*11
NRAS,p.G12A
NRAS,p.G12C
NRAS,p.G12D
NRAS,p.G12R
NRAS,p.G12S
NRAS,p.G12V
NRAS,p.G12X
NRAS,p.G13D
NRAS,p.G13R
NRAS,p.G13S
NRAS,p.G13V
NRAS,p.G13X
NRAS,p.Q61E
NRAS,p.Q61H
NRAS,p.Q61K
NRAS,p.Q61L
NRAS,p.Q61P
NRAS,p.Q61R
NRAS,p.Q61X
NT5C2,p.R367Q
NTRK1,p.G607V
NTRK1,p.H598T
PAX5,p.A322T
PAX5,p.G183S
PAX5,p.P80R
PDGFRA,p.D842V
PDGFRA,p.K385I
PDGFRA,p.K385L
PDGFRA,p.K385X
PDGFRB,p.T681I
PHF6,p.R225X
PIK3CA,p.C420R
PIK3CA,p.E542G
PIK3CA,p.E542K
PIK3CA,p.E542Q
PIK3CA,p.E542V
PIK3CA,p.E542X
PIK3CA,p.E545A
PIK3CA,p.E545D
PIK3CA,p.E545G
PIK3CA,p.E545K
PIK3CA,p.E545Q
PIK3CA,p.E545V
PIK3CA,p.E545X
PIK3CA,p.H1047L
PIK3CA,p.H1047Q
PIK3CA,p.H1047R
PIK3CA,p.H1047T
PIK3CA,p.H1047X
PIK3CA,p.H1047Y
PKLR,p.R479H
PRKCA,p.D463H
PTCH1,p.T1195S
PTEN,p.L182*
PTEN,p.R130G
PTEN,p.R130L
PTEN,p.R130P
PTEN,p.R130Q
PTPN11,p.G503A
RB1,p.F650S
RNF43,p.A169T
RNF43,p.D140E
RNF43,p.E318D
RNF43,p.P154L
RNF43,p.R127P
SDHA,p.R554W
SDHB,p.S163P
SDHD,p.G12S
SF3B1,p.A774X
SF3B1,p.D781X
SF3B1,p.E622X
SF3B1,p.G740X
SF3B1,p.G742X
SF3B1,p.H662X
SF3B1,p.I704X
SF3B1,p.K666X
SF3B1,p.K700X
SF3B1,p.K741X
SF3B1,p.N626X
SF3B1,p.R625X
SF3B1,p.T663X
SF3B1,p.V701X
SF3B1,p.Y623X
SIX1,p.Q177R
SMO,p.A374E
SRSF2,p.P95X
STAG2,p.R1012X
STAT5B,p.N642H
STAT5B,p.N713_A714insKGKGGG
TEK,p.N452D
TLR8,p.N515H
TOP2A,p.A1515S
TOP2A,p.G1386D
TP53,p.C238Y
TP53,p.G245D
TP53,p.G245S
TP53,p.G266E
TP53,p.G266V
TP53,p.K132E
TP53,p.K132N
TP53,p.P250L
TP53,p.R175C
TP53,p.R175H
TP53,p.R181H
TP53,p.R213L
TP53,p.R213Q
TP53,p.R248Q
TP53,p.R248W
TP53,p.R249M
TP53,p.R273C
TP53,p.R273H
TP53,p.R273L
TP53,p.R273S
TP53,p.R282G
TP53,p.R282W
TP53,p.R337H
TP53,p.S127Y
TP53,p.V272A
TP53,p.V272M
TP53,p.Y220C
U2AF1,p.Q157X
U2AF1,p.R156X
U2AF1,p.S34X
XPC,p.S346P
ZEB2,p.H1038R