Gene,DNA Alteration
ACKR1,c.-67T>C
AKT1,c.49G>A
ALDH2,c.1510G>A
ALK,c.3185A>T
ALK,c.3260C>T
ALK,c.3383G>C
ALK,c.3497T>G
ALK,c.3509T>A
ALK,c.3509T>G
ALK,c.3512_3513delinsAT
ALK,c.3512T>A
ALK,c.3520T>C
ALK,c.3520T>G
ALK,c.3521T>G
ALK,c.3522C>A
ALK,c.3522C>G
ALK,c.3575G>C
ALK,c.3586C>A
ALK,c.3733T>A
ALK,c.3733T>C
ALK,c.3735C>A
ALK,c.3735C>G
ALK,c.3824G>A
ALK,c.3824G>T
ALK,c.3833A>C
APC,c.3920T>A
ARHGAP45,c.416G>A
ARID2, c.798G>A
B2M,c.2T>G
BLM,c.2207_2212delinsTAGATTC
BRAF,c.1396G>A
BRAF,c.1396G>C
BRAF,c.1397G>A
BRAF,c.1397G>C
BRAF,c.1397G>T
BRAF,c.1405_1406delinsTC
BRAF,c.1405_1407delinsAGC
BRAF,c.1405_1407delinsAGT
BRAF,c.1405G>A
BRAF,c.1405G>C
BRAF,c.1406G>A
BRAF,c.1406G>C
BRAF,c.1406G>T
BRAF,c.1789_1790delinsTC
BRAF,c.1789C>G
BRAF,c.1790T>A
BRAF,c.1790T>G
BRAF,c.1791A>G
BRAF,c.1796_1797insTAC
BRAF,c.1797_1798insACA
BRAF,c.1797_1799delinsGAG
BRAF,c.1798_1799delinsAA
BRAF,c.1798_1799delinsAG
BRAF,c.1798G>A
BRAF,c.1798G>T
BRAF,c.1799_1800delinsAA
BRAF,c.1799_1800delinsAT
BRAF,c.1799T>A
BRAF,c.1799T>C
BRAF,c.1799T>G
BRAF,c.1801A>G
BRCA1,c.5265_5266insC
BRCA1,c.68_69delAG
BRCA2,c.5946delT
CALR,c.1092_1143del52
CALR,c.1154_1155insTTGTC
CCND3,c.766_776del11
CDC73,c.1A>G
CDKN2A,c.151G>A
CDKN2A,c.152T>A
CDKN2A,c.247C>T
CDKN2A,c.248_249delinsCT
CDKN2A,c.248A>C
CDKN2A,c.305C>T
CDKN2A,c.322G>C
CDKN2A,c.322G>T
CDKN2A,c.389T>A
CDKN2A,c.439G>A
CDKN2A,c.442G>A
CDKN2A,c.89C>T
CHD6,c.4800C>G
CHEK2,c.1283C>T
CHEK2,c.470T>C
CSF1R,c.1085A>G
CTNNB1,c.100G>A
CTNNB1,c.100G>C
CTNNB1,c.101G>A
CTNNB1,c.101G>T
CTNNB1,c.110C>G
CTNNB1,c.110C>T
CTNNB1,c.121A>G
CTNNB1,c.122_123delinsTT
CTNNB1,c.122C>T
CTNNB1,c.133T>C
CTNNB1,c.134C>T
CTNNB1,c.94G>A
CTNNB1,c.94G>T
CTNNB1,c.95A>G
CTNNB1,c.97T>C
CTNNB1,c.98C>G
CTNNB1,c.98C>T
DDR2,c.1912A>T
DDR2,c.2304T>A
DDR2,c.716T>G
DICER1,c.5114A>T
DICER1,c.5428G>C
DICER1,c.5437G>A
DICER1,c.5438A>G
DICER1,c.5439G>C
DICER1,c.5439G>T
DICER1,c.5492G>A
DNMT3A,c.2711C>T
DPYD,c.1236G>A
DPYD,c.1627A>G
DPYD,c.1679T>G
DPYD,c.1905+1G>A
DPYD,c.2846A>T
DPYD,c.557A>G
DRD2,c.-486_-485insC
DRD2,c.957C>T
EGFR,c.1474A>C
EGFR,c.1476C>A
EGFR,c.1787C>T
EGFR,c.1793G>T
EGFR,c.2125_2129delGAAAC
EGFR,c.2125G>A
EGFR,c.2153T>A
EGFR,c.2154_2155delinsTT
EGFR,c.2155G>A
EGFR,c.2155G>T
EGFR,c.2156delG
EGFR,c.2156G>A
EGFR,c.2156G>C
EGFR,c.2219_2220ins18
EGFR,c.2224G>A
EGFR,c.2231_2232ins18
EGFR,c.2232_2233ins18
EGFR,c.2232_2249delinsAAA
EGFR,c.2233_2247del15
EGFR,c.2234_2236delAGG
EGFR,c.2235_2246del12
EGFR,c.2235_2249del15
EGFR,c.2235_2252del18
EGFR,c.2236_2237ins18
EGFR,c.2236_2250del15
EGFR,c.2236_2253del18
EGFR,c.2238_2252del15
EGFR,c.2239_2247del9
EGFR,c.2239_2253del15
EGFR,c.2239_2256del18
EGFR,c.2239_2262del24
EGFR,c.2240_2254del15
EGFR,c.2240_2257del
EGFR,c.2240T>C
EGFR,c.2246_2260del15
EGFR,c.2247_2273del27
EGFR,c.2250_2273del24
EGFR,c.2253_2276del24
EGFR,c.2254_2277del24
EGFR,c.2257_2277del21
EGFR,c.2281G>T
EGFR,c.2283_2284ins12
EGFR,c.2290_2291ins12
EGFR,c.2298_2299insGCCATA
EGFR,c.2302_2303ins9
EGFR,c.2303_2304delinsTT
EGFR,c.2303_2304ins9
EGFR,c.2303G>T
EGFR,c.2305G>A
EGFR,c.2305G>C
EGFR,c.2305G>T
EGFR,c.2307_2308ins15
EGFR,c.2307_2308ins9
EGFR,c.2307_2308insGACAACGTG
EGFR,c.2307_2308insTGCGTG
EGFR,c.2308_2309ins9
EGFR,c.2308_2309insACGGCG
EGFR,c.2308_2309insGCAGCGTGG
EGFR,c.2308_2309insGGGTCGTGG
EGFR,c.2309_2310delinsCCAGCGTGGAT
EGFR,c.2309_2310ins14
EGFR,c.2310_2311ins9
EGFR,c.2310_2311insAAC
EGFR,c.2310_2311insAACCCCCAC
EGFR,c.2310_2311insAGCGTGGAC
EGFR,c.2310_2311insGGC
EGFR,c.2310_2311insGGCACA
EGFR,c.2310_2311insGGGGAC
EGFR,c.2310_2311insGGGTTA
EGFR,c.2310_2311insGGT
EGFR,c.2311_2312ins12
EGFR,c.2311_2312ins9
EGFR,c.2313_2314insAAC
EGFR,c.2315_2316insGACACACCC
EGFR,c.2316_2321dup
EGFR,c.2318_2319insCCCCCA
EGFR,c.2318A>G
EGFR,c.2318A>T
EGFR,c.2319_2320ins9
EGFR,c.2319_2320insCAC
EGFR,c.2319_2320insCCCCAC
EGFR,c.2320_2321ins12
EGFR,c.2320_2321insCCCACG
EGFR,c.2320G>A
EGFR,c.2321_2322insCCACGT
EGFR,c.2322_2323insCACGTG
EGFR,c.2369C>T
EGFR,c.2374C>T
EGFR,c.2375T>A
EGFR,c.2386G>A
EGFR,c.2386G>C
EGFR,c.2389T>A
EGFR,c.2390G>C
EGFR,c.2491C>T
EGFR,c.2492G>A
EGFR,c.2497T>G
EGFR,c.2499G>T
EGFR,c.2500G>C
EGFR,c.2500G>T
EGFR,c.2504A>T
EGFR,c.2527G>A
EGFR,c.2560A>G
EGFR,c.2572_2573delinsAA
EGFR,c.2572_2573delinsAG
EGFR,c.2572C>A
EGFR,c.2572C>T
EGFR,c.2573_2574delinsGT
EGFR,c.2573T>A
EGFR,c.2573T>G
EGFR,c.2581C>G
EGFR,c.2582T>A
EGFR,c.2582T>C
EGFR,c.2582T>G
EGFR,c.2591C>T
EGFR,c.2609A>G
EGFR,c.323G>A
EGFR,c.334_1137del804
EGFR,c.664C>T
EGFR,c.787A>C
EGFR,c.865G>A
EGFR,c.866C>A
EGFR,c.866C>T
ERBB2,c.1958C>G
ERBB2,c.1963A>G
ERBB2,c.1976_1977delinsAG
ERBB2,c.1979G>A
ERBB2,c.2033G>A
ERBB2,c.2077G>A
ERBB2,c.2089G>C
ERBB2,c.2089G>T
ERBB2,c.2126A>T
ERBB2,c.2198C>T
ERBB2,c.2263_2264delinsCC
ERBB2,c.2264_2278del
ERBB2,c.2264T>C
ERBB2,c.2301C>G
ERBB2,c.2305G>A
ERBB2,c.2305G>C
ERBB2,c.2305G>T
ERBB2,c.2317G>A
ERBB2,c.2324_2325ins12
ERBB2,c.2325_2326ins12
ERBB2,c.2326_2327insTCT
ERBB2,c.2326G>T
ERBB2,c.2327G>T
ERBB2,c.2329G>A
ERBB2,c.2329G>C
ERBB2,c.2329G>T
ERBB2,c.2331_2339dup
ERBB2,c.2332_2340dup
ERBB2,c.2356C>G
ERBB2,c.2413T>A
ERBB2,c.2521C>G
ERBB2,c.2524G>A
ERBB2,c.2584A>G
ERBB2,c.2596C>A
ERBB2,c.2606T>G
ERBB2,c.2632C>T
ERBB2,c.2686C>T
ERBB2,c.926G>A
ERBB2,c.926G>C
ERBB2,c.929C>A
ERBB2,c.929C>T
ERBB2,c.962A>G
EZH2,c.1936T>A
EZH2,c.1936T>C
EZH2,c.1936T>G
EZH2,c.1937A>C
EZH2,c.1937A>G
EZH2,c.1937A>T
F2,c.*97G>A
FBXW7,c.1394G>A
FGFR1,c.1966A>G
FGFR2,c.1115C>G
FGFR2,c.1124A>G
FGFR2,c.1144T>C
FGFR2,c.1645A>C
FGFR2,c.1647T>A
FGFR2,c.1647T>G
FGFR2,c.1975A>G
FGFR2,c.755C>G
FGFR2,c.758C>G
FGFR3,c.1108G>T
FGFR3,c.1111A>T
FGFR3,c.1118A>G
FGFR3,c.1138G>A
FGFR3,c.1138G>C
FGFR3,c.1948A>G
FGFR3,c.742C>T
FGFR3,c.746C>G
FGFR4,c.1162G>A
FLT3,c.1727T>G
FLT3,c.1775T>C
FLT3,c.1775T>G
FLT3,c.1796A>G
FLT3,c.1992G>A
FLT3,c.1992G>C
FLT3,c.1992G>T
FLT3,c.2027A>G
FLT3,c.2028C>A
FLT3,c.2028C>G
FLT3,c.2039C>T
FLT3,c.2073T>A
FLT3,c.2073T>G
FLT3,c.2516A>G
FLT3,c.2517T>A
FLT3,c.2525A>G
FOXL2,c.402C>G
GNAS,c.374A>G
GNAS,c.478C>T
GNAS,c.601C>A
GNAS,c.601C>T
GNAS,c.602G>A
GNAS,c.679C>G
GNAS,c.680A>G
GNAS,c.680A>T
H2C4,c.83A>T
H3-3A,c.103_104delinsTT
H3-3A,c.103G>A
H3-3A,c.103G>C
H3-3A,c.103G>T
H3-3A,c.104G>T
H3-3A,c.83_84delinsTT
H3-3A,c.83A>T
H3-3B,c.103G>T
H3-3B,c.104G>T
H3C2,c.83A>T
H3C3,c.83A>T
HBA2,c.427T>C
HBB,c.19G>A
HBB,c.20A>T
HBB,c.364G>A
HBB,c.364G>C
HBB,c.79G>A
HBG2,c.-211C>T
HRAS,c.35_36delinsAT
HRAS,c.35_36delinsTA
HRAS,c.35G>A
HRAS,c.35G>T
HSD3B1,c.1100=
HSD3B1,c.1100C>A
IDH1,c.356G>A
IDH1,c.394_395delinsGT
IDH1,c.394_395delinsTC
IDH1,c.394C>A
IDH1,c.394C>G
IDH1,c.394C>T
IDH1,c.395_396inv
IDH1,c.395G>A
IDH1,c.395G>T
IDH2,c.418C>G
IDH2,c.418C>T
IDH2,c.419G>A
IDH2,c.419G>T
IDH2,c.514A>G
IDH2,c.514A>T
IDH2,c.515_516delinsAA
IDH2,c.515G>A
IDH2,c.515G>T
IDH2,c.516G>C
IDH2,c.516G>T
JAK2,c.1848_1849delinsCT
JAK2,c.1849G>T
JAK2,c.2047A>G
JAK2,c.2624C>A
JAK2,c.2792A>G
KIT,c.1669T>A
KIT,c.1669T>C
KIT,c.1676T>A
KIT,c.1676T>C
KIT,c.1727T>C
KIT,c.1924A>G
KIT,c.1939C>T
KIT,c.1958T>C
KIT,c.1961T>C
KIT,c.2447A>T
KIT,c.2458G>T
KIT,c.2464A>T
KIT,c.2466T>A
KIT,c.2466T>G
KIT,c.2466T>R
KIT,c.2485G>C
KIT,c.2492T>C
KIT,c.2537A>G
KIT,c.2554G>A
KIT,c.2576T>C
KLF1,c.115A>C
KLF1,c.892G>C
KLF4,c.1225A>C
KRAS,c.180_181delinsAA
KRAS,c.180_181delinsCA
KRAS,c.181C>A
KRAS,c.181C>G
KRAS,c.182A>C
KRAS,c.182A>G
KRAS,c.182A>T
KRAS,c.183A>C
KRAS,c.183A>T
KRAS,c.34_35delinsAA
KRAS,c.34_35delinsAT
KRAS,c.34_35delinsCT
KRAS,c.34_35delinsTA
KRAS,c.34_35delinsTT
KRAS,c.34_36delinsTGC
KRAS,c.34_36delinsTGG
KRAS,c.34G>A
KRAS,c.34G>C
KRAS,c.34G>T
KRAS,c.35_36delinsAA
KRAS,c.35_36delinsAG
KRAS,c.35_36delinsTC
KRAS,c.35_36inv
KRAS,c.35G>A
KRAS,c.35G>C
KRAS,c.35G>T
KRAS,c.36T>C
KRAS,c.37_38delinsAA
KRAS,c.37_39delinsCGT
KRAS,c.37G>A
KRAS,c.37G>C
KRAS,c.37G>T
KRAS,c.38_39delinsAA
KRAS,c.38_39delinsAG
KRAS,c.38_39delinsAT
KRAS,c.38_39delinsTG
KRAS,c.38_39delinsTT
KRAS,c.38G>A
KRAS,c.38G>C
KRAS,c.38G>T
KRAS,c.39C>A
KRAS,c.39C>G
KRAS,c.39C>T
KRAS,c.436G>A
MAP2K2,c.383C>T
MAPK1,c.964G>A
MET,c.1510G>C
MET,c.1915A>C
MET,c.3028G>A
MET,c.3208G>A
MET,c.3209T>A
MET,c.3209T>G
MET,c.3274G>A
MET,c.3280C>T
MET,c.3598T>A
MET,c.3613T>G
MET,c.3682G>A
MET,c.3688T>C
MET,c.3689A>G
MET,c.3708T>A
MET,c.3749T>C
MPL,c.1543_1544delinsAA
MPL,c.1543_1545delinsAAA
MPL,c.1544G>T
MSH2,c.1906G>C
MTOR,c.5662T>C
MTOR,c.5664C>A
MTOR,c.5664C>G
MUTYH,c.1014G>C
MYCN,c.131_132delinsTT
MYCN,c.131C>T
MYD88,c.794T>C
MYO1G,c.145G>A
MYOD1,c.365T>G
NF1,c.4394A>G
NF1,c.6926del
NOTCH1,c.3587G>A
NOTCH1,c.5153T>C
NOTCH1,c.7396_7397ins5
NOTCH1,c.7396_7397ins8
NOTCH1,c.7398_7399insAGGGACCG
NOTCH1,c.7398_7399insGCCTTGGGAACCCG
NOTCH1,c.7398_7399insGG
NOTCH1,c.7398_7407del
NOTCH1,c.7398del
NOTCH1,c.7399_7400insAGGTTACCC
NOTCH1,c.7399_7400insGG
NOTCH1,c.7399del
NOTCH1,c.7507C>T
NRAS,c.180_181delinsTA
NRAS,c.181_182delinsAG
NRAS,c.181_182delinsTT
NRAS,c.181_183delinsAAG
NRAS,c.181C>A
NRAS,c.181C>G
NRAS,c.182_183delinsGG
NRAS,c.182_183delinsTG
NRAS,c.182A>C
NRAS,c.182A>G
NRAS,c.182A>T
NRAS,c.183A>C
NRAS,c.183A>G
NRAS,c.183A>T
NRAS,c.34G>A
NRAS,c.34G>C
NRAS,c.34G>T
NRAS,c.35G>A
NRAS,c.35G>C
NRAS,c.35G>T
NRAS,c.37G>A
NRAS,c.37G>C
NRAS,c.38G>A
NRAS,c.38G>T
NT5C2,c.1100G>A
NTRK1,c.1792C>T
NTRK1,c.1820G>T
PAX5,c.239C>G
PAX5,c.547G>A
PAX5,c.964G>A
PDGFRA,c.1153_1154delinsTC
PDGFRA,c.1153_1154delinsTT
PDGFRA,c.1154_1155delinsTA
PDGFRA,c.1154_1155delinsTT
PDGFRA,c.2525A>T
PIK3CA,c.1258T>C
PIK3CA,c.1624G>A
PIK3CA,c.1624G>C
PIK3CA,c.1625A>G
PIK3CA,c.1625A>T
PIK3CA,c.1633G>A
PIK3CA,c.1633G>C
PIK3CA,c.1634A>C
PIK3CA,c.1634A>G
PIK3CA,c.1634A>T
PIK3CA,c.1635G>C
PIK3CA,c.1635G>T
PIK3CA,c.3139C>T
PIK3CA,c.3140A>G
PIK3CA,c.3140A>T
PIK3CA,c.3141T>G
PKLR,c.1436G>A
PRKCA,c.1387G>C
PTCH1,c.3583A>T
PTEN,c.388C>G
PTEN,c.389G>A
PTEN,c.389G>C
PTEN,c.389G>T
PTEN,c.545T>A
PTEN,c.545T>G
PTPN11,c.1508G>C
RNF43,c.380G>C
RNF43,c.420C>G
RNF43,c.461C>T
RNF43,c.505G>A
RNF43,c.954G>T
SDHA,c.1660C>T
SDHB,c.487T>C
SDHD,c.34G>A
SIX1,c.530A>G
STAT5B,c.1924A>C
TEK,c.1354A>G
TERT,c.1-124C>T
TERT,c.1-146C>T
TP53,c.1010G>A
TP53,c.380C>A
TP53,c.394A>G
TP53,c.396G>C
TP53,c.396G>T
TP53,c.523C>T
TP53,c.524G>A
TP53,c.542G>A
TP53,c.638G>A
TP53,c.638G>T
TP53,c.659A>G
TP53,c.713G>A
TP53,c.733G>A
TP53,c.734G>A
TP53,c.741_742delinsTT
TP53,c.742C>T
TP53,c.743_744delinsAA
TP53,c.743G>A
TP53,c.746G>T
TP53,c.749C>T
TP53,c.797G>A
TP53,c.797G>T
TP53,c.814G>A
TP53,c.815T>C
TP53,c.817C>A
TP53,c.817C>T
TP53,c.818G>A
TP53,c.818G>T
TP53,c.843_844delinsTT
TP53,c.844C>G
TP53,c.844C>T
ZEB2,c.3113A>G